miivefa_1;miivefa_2;miivefa_3;miivefa_4;miivefa_5;miivefa_6;miivefa_7;miivefa_8;miivefa_9;miivefa_10
1.200059474;2.130785589;0.384820048;0.385812447;0.208770981;1.122402517;0.833937372;0.812498845;0.208113603;0.397563763
1.955849209;0.631688377;2.048477848;1.403132033;0.414387133;1.190746456;0.04977229;0.974181724;0.194053805;0.628827323
-0.751348226;-0.67699759;-0.39717918;-0.503138482;-0.875094095;0.234496203;-0.326265386;-1.190657966;0.345658106;0.057090888
-0.298134929;-0.559102925;-0.764449904;-0.770750949;-0.565023316;0.014568006;-0.823697041;-0.691047489;-0.939434502;-0.417209009
-0.621701714;-0.825899507;0.567954825;-0.377465451;-0.741247549;0.662827901;0.852695571;-0.901893956;0.495178378;0.036016842
-2.100273343;-1.688614614;-1.418488408;-1.164180606;-1.548601483;-0.563159999;-0.030228077;-0.679860509;-0.389723248;-0.191361785
0.91913798;1.229455544;0.4431741;1.118383361;0.62511532;-0.898390551;-1.261395331;-0.67375876;-0.464555208;-0.153663722
-0.275420393;-0.231140181;0.629896361;0.498458838;0.603348074;1.014257019;0.224900913;0.797948984;0.40708142;-0.15103182
0.503416865;0.107171844;0.57717608;-0.389124483;2.00872524;-0.031853917;-0.56989807;0.539036574;0.269543374;0.530384385
0.341220647;0.456540068;-0.758845902;0.136261784;0.248603185;0.260495569;-0.08140528;-0.43546849;-0.569543265;-0.554520357
-0.075361905;-0.363142715;-0.026765482;-0.523503009;-0.333658777;0.044283286;0.061960638;-0.984416101;-0.447483283;0.623857026
-0.070929138;-0.130021727;1.099656106;-0.002861501;0.825438363;-0.528867313;-0.695763378;-1.230326583;-1.784416059;-0.741771438
0.780603015;0.221074493;-0.104571594;0.509001947;0.141820263;-1.672067114;0.137351634;-0.700492071;-0.537699835;-1.492176228
1.392754076;-0.146106329;0.526667226;0.255376483;-0.365614895;-0.035340251;-0.852708347;-0.488274509;-0.197334802;-0.466660134
-0.79363625;-1.512116431;0.451497171;-0.593712266;-0.326293352;-1.331789399;-0.815179358;-0.942272256;-0.264563043;-0.275509802
2.047468244;0.345613432;1.347891909;1.028186404;1.097785796;-0.807189636;-0.45598955;0.122007162;0.675001176;0.072858695
0.167431324;0.448990223;0.865307646;0.58516331;0.751359926;0.226497391;-0.117193727;-0.897693259;-0.870063212;-0.178392936
1.778748562;1.734452762;1.373051379;1.928252232;1.502194158;1.330958625;1.35045384;1.204775005;0.707589597;0.231140448
-0.624874771;-0.155908454;-0.109468637;0.060332899;-0.947066786;-1.011175059;0.125567537;0.038439803;-1.724359244;-1.226035719
-0.228165877;-1.397135508;-0.384884744;-0.310357921;-1.165608155;-1.606069264;-0.35485539;-0.77032089;-0.784100575;-0.358282733
-0.766902663;-0.131760624;0.480391728;-0.531022349;-0.411963313;0.180814544;0.082509933;0.112858198;0.524445285;0.644969412
-1.886215818;-1.080771702;-0.671401833;-1.624896173;-1.50790443;-2.04014566;-1.77107066;-2.142704047;-2.225215667;-1.478958703
-1.131958612;-0.969450384;-0.852894808;-1.437826521;-0.481060252;-1.417703835;-0.560343924;-1.183775154;-1.00478698;-0.906678092
-0.392871017;0.582812979;-0.039357216;-0.453096889;-0.209788095;-1.485950423;-1.337806494;-1.547971095;-0.861157149;-1.383715495
2.624558832;2.172788307;1.866246636;1.323027783;2.226914018;0.996817994;0.699895265;0.810443564;0.397114654;0.104796261
-0.964040717;1.316352957;-0.559730178;-0.235763442;0.190226759;0.569954214;-0.144368831;-0.459377721;0.043008608;-0.609372414
-0.43947605;0.766887585;0.084535611;-0.115169415;1.065520257;-1.934882534;-0.55392777;-1.436129473;-1.17647671;-0.52563991
-0.340744912;-0.976803546;-0.60526431;-0.342839502;-0.517094071;-2.168082039;-1.187619976;-1.679699369;-0.870340981;-1.170829456
0.088801221;-0.122199309;-0.913607677;-1.623619543;-0.301981405;0.729778241;0.76726079;0.437739501;0.502080846;0.539728062
-1.767456588;-2.066007311;-2.318947599;-1.823798228;-1.745043262;-2.925435502;-0.286090555;-2.614627292;-2.062503423;-1.489237614
0.515364706;0.662479313;0.725109831;1.371655976;0.129136963;0.769186317;1.23633346;0.438820735;1.117237271;1.478993251
1.13756718;0.995962698;1.757075215;1.473300298;0.541286178;0.252354635;-0.898892804;-0.34429762;-0.136501807;-0.699507538
-1.385936152;-1.14108139;-1.526867054;-0.950501641;0.27942044;-0.598498225;-0.341740004;-1.056306273;-1.144160404;-1.310413015
0.940983533;0.199116829;-0.440488582;-0.57390299;-0.344926146;-0.363227358;-1.6225072;-0.595173416;-1.245548223;-0.977073603
0.239714727;0.514577035;-0.497914872;-0.091225254;1.289019874;0.698593844;-0.485181713;0.940045088;-0.389147013;-0.665876249
-0.251035336;-0.637039981;0.208521876;-0.422854338;-0.307087319;0.410842791;1.104280489;0.761889835;0.924831887;-0.64434699
-0.576123219;0.054593986;-0.265957673;0.332878135;-0.21092355;1.654706812;0.845729937;1.138011054;0.308451707;-0.069150019
-0.623668349;-0.504144311;-0.472146867;-0.704151006;-0.874188168;-0.42584723;0.99720792;1.122435994;0.699605455;-0.551822891
1.666397271;1.121930361;0.182192892;0.475566875;1.143915449;0.974847313;0.861095297;0.936777497;0.837097877;0.539338665
-0.174270771;-0.46336294;-0.243747574;-0.643494178;0.041722758;-0.534525621;-0.207864975;-0.106333434;-0.326043449;-0.168042715
-0.566471524;-0.441082273;1.011266532;0.043446135;-0.218372997;2.567348359;0.90890249;1.610237811;1.1832816;1.282140789
0.603237033;0.649685892;0.571299802;-0.175617624;0.753701184;0.985176197;0.339829859;0.151461206;0.395041102;0.732557139
-0.261930183;-0.034463744;-0.674940743;-0.425245964;0.30595235;0.299909586;0.160989404;-0.066632448;0.566932211;-0.356083527
-0.287988824;-1.425945448;-0.859426914;-0.709434492;0.266584282;0.171638947;0.519714435;0.425600972;-0.753410931;0.419037027
0.628523991;-0.259282614;0.403758225;-0.610356855;0.227436899;0.293348629;0.32685637;0.331397429;-0.061166291;0.294499985
0.279788037;0.259404646;0.403719002;-0.686420226;-0.178461915;0.324034211;0.189304969;-0.483874634;-0.037381544;0.611519344
-1.74660393;-1.035013204;-0.598421131;-1.252984851;-2.06251028;-0.554733083;0.422132619;-0.75407264;-0.135681966;-0.304517308
-0.302393984;-0.637716716;-0.527566129;0.067405404;-0.798374659;0.067828092;0.170757002;-0.230636422;-0.38842701;-0.775219636
-1.985645409;-1.458910472;-0.825689392;-1.314922619;-0.400063046;0.512907558;0.924500184;-0.289452812;0.286079059;0.89564767
-0.277038167;-0.425784223;-0.831386516;-0.447126396;-0.448038743;-0.467399192;-1.132257767;-0.257455812;-0.93671826;0.269233673
0.444514905;-0.082623358;0.126338468;0.546650496;0.00530155;1.035044296;0.482159998;0.364044326;0.240163494;0.3531633
0.081709177;-0.174667211;-0.634136221;-0.767420784;1.051694473;-0.122152291;-0.122150557;0.002621864;-0.005971064;0.045664216
-1.318590797;-0.347609684;-0.637267553;-1.087294743;-0.5152034;-0.998015563;-0.978610388;-0.44092855;0.681449256;-0.406831527
-1.01054918;-1.196807347;-1.981132946;-0.898096469;0.134939802;0.784721144;-0.279562462;-0.506260677;-0.560993494;0.004423549
-1.117787127;-0.620352242;0.494071271;-0.066330694;-0.199941677;0.457765016;0.828242245;1.069809568;0.642736244;0.655542021
0.633096945;1.047012371;0.946684229;0.767829812;0.534784319;0.351034367;-0.117229757;0.149099551;-0.085802862;0.108977458
-0.125142448;0.398441169;0.551865436;-0.371405983;0.200013526;-0.97822926;0.016914465;-0.13893858;0.368893812;-0.66624616
-2.505254359;-0.916333299;-1.106195783;-0.804756864;-1.192861489;-0.804947252;-1.164182955;-1.438571158;-0.870974604;-0.893935763
-0.866099998;-0.279710736;-0.694112111;-0.676311098;-1.496594648;-1.793790948;-1.335111379;-2.219393538;-1.751698388;-1.499138206
-2.772770928;-1.312758265;-0.049263495;-1.12077989;-1.443043094;-1.30198896;-0.620044707;-0.693922305;-0.177509394;-1.416735553
1.171679286;-0.319861948;-0.422534417;0.988736391;0.09659426;0.290410832;-0.672198273;0.025030464;0.983557258;0.383941698
-0.626281181;-0.965384442;-0.712828234;-1.462192037;-0.184126052;-0.763163637;0.188872037;-0.345311848;-1.317273859;0.924318596
-3.074252271;-2.8012674;-1.951968163;-2.230613684;-1.089257817;0.711790588;-0.014412214;-0.913425446;-0.534505735;0.178616288
-0.790447239;0.294587681;-0.464724189;-0.357329571;0.115996644;-0.455740255;0.286361714;-1.150315602;0.254840343;-0.261701624
-0.392874439;-0.89212038;-0.597557182;-0.391238651;-0.779476062;0.179773994;-0.731948821;-0.455413942;-0.791412168;-0.726228791
0.083864309;-0.727347196;0.146774374;0.268712291;0.204550775;-0.481731601;-1.044102076;0.445740582;0.645485271;-0.665656859
-1.04129102;0.280775522;0.009329242;-0.69383545;0.264441022;-0.605758008;-1.13660083;-0.817890066;-1.582394199;-0.013736797
0.448364299;0.225488647;1.354960193;0.642711906;0.904226058;0.453898298;-0.507348474;-0.184616895;-0.025536738;0.452110412
1.124689455;1.05643104;1.123990775;0.629186333;-0.150705901;1.96074763;1.363222221;0.283371206;0.694944774;-0.344516606
-0.214626926;0.267725877;0.507949036;-0.369192232;-0.420458739;-0.572842326;-1.111104553;-0.890580386;-0.119237419;-1.002253066
-0.363162148;0.486140737;-0.613250638;-0.258819443;0.553423136;0.568537874;0.50459408;0.510697128;0.702381307;0.894896782
0.831135866;-0.17527659;0.609898063;0.084061235;-0.045569152;-0.586480173;-0.882031209;-0.533733542;-0.667696808;-0.708031881
0.528258601;0.225501024;0.780312238;-0.021108926;1.572724954;-0.496825414;-0.100012867;-0.535658778;-0.137751164;0.593131906
0.123104591;2.412178544;1.933447982;0.642090628;0.21986994;-0.753353422;-0.962950709;-0.847550928;-0.087546694;0.207866732
0.488879087;0.960812923;0.815533812;0.439760268;0.160103611;3.653680367;3.164342808;2.544385499;2.647320753;1.671726115
1.251367779;0.298518837;0.797372795;0.478176552;0.646544893;0.102681764;0.011380741;0.342552263;-0.087979844;0.402451991
0.150944797;0.317837241;-0.511180102;-0.447257646;-0.049113241;0.112908403;-0.804347472;-0.561672524;0.448716002;-0.408921696
-0.309508366;-0.385403571;-0.621437864;-0.670031463;-0.588816097;-1.506513007;-1.200751004;-0.91713268;-1.710762893;-0.918946789
-0.291733181;0.839360328;-0.2644023;-0.002069509;-0.31968886;-1.394740248;-1.890232729;-0.70225483;-0.495215705;-0.635968743
0.525400783;-0.617188469;-1.163318298;-0.04251384;-0.22437253;-0.450608922;-0.510732578;-0.506287805;0.597745071;-1.424430185
-0.844035841;-1.642631058;-0.656031899;-0.247291196;-0.438715176;-0.794263599;-1.956194153;-0.978219464;-1.093848648;-0.749317039
-1.217728914;-1.153864996;-0.386932743;-0.15022588;-0.084055035;0.135183528;-1.192689837;-0.336962948;0.199049926;-0.900478734
0.48404763;0.452999097;1.094159087;0.192163401;0.397324634;1.198566088;0.869248614;1.303280817;1.008589321;1.312689231
1.80154745;1.140634547;1.557865398;0.59758009;1.438045704;-1.060081607;-1.026647259;-1.059584183;-1.192708739;-0.533223374
0.913396321;0.675067795;0.366896664;1.002595428;0.903170202;1.816057109;1.372331139;0.946714841;-0.046642903;0.34716933
-1.414779989;-0.014070291;-0.256265177;0.084802282;-0.038428804;-0.894108603;-0.682574621;-0.225612186;-0.686313743;-1.504588537
-0.996716145;-1.292164565;-0.27966302;-0.382586236;-0.663711761;0.051581498;0.903479539;0.783142489;0.990657659;0.026281296
-0.254631339;-0.57398103;-0.792870984;-0.464265413;-0.405880651;1.177252917;1.271500811;1.105714112;-0.014217238;-0.106546221
-1.854249346;-1.213530095;-1.722285418;-0.746623312;-1.265324206;-1.434294653;-0.769835778;-1.98313641;-1.44859724;-1.676796393
-0.436985236;0.473760411;-0.204110108;0.096726788;-0.324821494;0.405739368;0.874602107;0.330779614;0.377087527;0.204221234
0.616264142;-0.193893813;-0.313329941;-0.368689949;0.441747628;-0.680820797;-1.01293036;-0.592856179;0.217063174;-1.137601647
-0.424401619;-1.836919462;-0.589504213;-0.615237377;-0.987012351;-0.14948359;0.690672492;0.485137671;-0.792094674;0.918352571
0.075810687;0.259439262;0.615686464;0.364565926;0.575618351;0.631215153;0.240338798;0.776878153;-0.405074325;0.693531404
0.208346038;-0.70463485;-0.044695748;-0.168313105;-0.450038266;0.469214678;-0.173114545;0.005518927;-0.295399213;-0.51322631
-0.269593516;-0.013941971;-0.462408914;-1.689971091;-1.02568672;0.009228554;-1.59495275;-0.001298561;-0.490272475;-1.438373134
0.184703632;1.005859646;0.135797367;0.418048516;0.150320629;0.516740795;0.005061691;-0.544634324;0.068018037;-0.915885545
-1.591225999;-1.992867489;-1.574799655;-1.069178889;-1.797408885;-1.149995924;-0.798472937;-1.385877466;-0.214936759;-0.459078798
0.371519787;-0.50874473;1.155103895;0.919632342;1.235348292;0.181782529;-0.567562713;0.418738514;0.102598444;-0.016287705
-0.158130971;-0.891793054;0.423272995;-0.48296;-1.43163863;-0.589582899;0.170643511;0.682515206;0.082005175;-0.096624139
